{
    "detailed": {
        "ES2002a": {
            "pk": {
                "0": 0.44984802431610943
            },
            "wdiff": {
                "0": 0.45288753799392095
            }
        },
        "ES2002b": {
            "pk": {
                "0": 0.49117647058823527,
                "1": 0.5042134831460674
            },
            "wdiff": {
                "0": 0.49558823529411766,
                "1": 0.5070224719101124
            }
        },
        "ES2002c": {
            "pk": {
                "0": 0.423728813559322,
                "1": 0.48250728862973763
            },
            "wdiff": {
                "0": 0.423728813559322,
                "1": 0.5306122448979592
            }
        },
        "ES2002d": {
            "pk": {
                "0": 0.3004640371229698,
                "1": 0.4226579520697168
            },
            "wdiff": {
                "0": 0.3004640371229698,
                "1": 0.4564270152505447
            }
        },
        "ES2003a": {
            "pk": {
                "0": 0.4853801169590643,
                "1": 0.4602272727272727
            },
            "wdiff": {
                "0": 0.5029239766081871,
                "1": 0.4602272727272727
            }
        }
    },
    "total": {
        "pk": 0.44668927323538843,
        "wdiff": 0.4588757339293785
    },
    "level": {
        "pk": [
            0.43011949250914017,
            0.4674014991431987,
            null,
            null
        ],
        "wdiff": [
            0.4351185201157035,
            0.4885722511964723,
            null,
            null
        ]
    },
    "total_count": 9,
    "level_counts": [
        5,
        4,
        0,
        0
    ],
    "avg_max_level": 0,
    "max_level": {
        "ES2002a": -Infinity,
        "ES2002b": -Infinity,
        "ES2002c": -Infinity,
        "ES2002d": -Infinity,
        "ES2003a": -Infinity
    }
}