{
    "detailed": {
        "ES2002a": {
            "pk": {
                "0": 0.4653799392097264
            },
            "wdiff": {
                "0": 0.48981762917933125
            }
        },
        "ES2002b": {
            "pk": {
                "0": 0.43675,
                "1": 0.5002247191011234
            },
            "wdiff": {
                "0": 0.46064705882352924,
                "1": 0.5333848314606741
            }
        },
        "ES2002c": {
            "pk": {
                "0": 0.448366718027735,
                "1": 0.4786297376093294
            },
            "wdiff": {
                "0": 0.46821263482280434,
                "1": 0.5284256559766763
            }
        },
        "ES2002d": {
            "pk": {
                "0": 0.4666589327146171,
                "1": 0.4750871459694989
            },
            "wdiff": {
                "0": 0.4850464037122972,
                "1": 0.511285403050109
            }
        },
        "ES2003a": {
            "pk": {
                "0": 0.4626315789473685,
                "1": 0.4818750000000001
            },
            "wdiff": {
                "0": 0.48771929824561405,
                "1": 0.5061363636363637
            }
        }
    },
    "total": {
        "pk": 0.4684004190643777,
        "wdiff": 0.4967416976563777
    },
    "level": {
        "pk": [
            0.4559574337798894,
            0.483954150669988,
            null,
            null
        ],
        "wdiff": [
            0.47828860495671527,
            0.5198080635309558,
            null,
            null
        ]
    },
    "total_count": 9,
    "level_counts": [
        5,
        4,
        0,
        0
    ],
    "avg_max_level": 0,
    "max_level": {
        "ES2002a": -Infinity,
        "ES2002b": -Infinity,
        "ES2002c": -Infinity,
        "ES2002d": -Infinity,
        "ES2003a": -Infinity
    }
}