{
    "detailed": {
        "05cf9637-20e5-4b8a-83ce-8f3e393e2d5a": {
            "pk": {
                "0": 0.35753246753246753,
                "1": 0.4548421052631581
            },
            "wdiff": {
                "0": 0.35753246753246753,
                "1": 0.4893684210526317
            }
        },
        "385744e9-7ae2-4dc5-b3f5-22f842d35c4f": {
            "pk": {
                "0": 0.451459074733096,
                "1": 0.4848322147651005
            },
            "wdiff": {
                "0": 0.47021352313167236,
                "1": 0.5250335570469797
            }
        },
        "4ceb728c-830e-4481-b8e9-eb1a9f041b8d": {
            "pk": {
                "0": 0.4401793721973097,
                "1": 0.4933476394849785
            },
            "wdiff": {
                "0": 0.4607623318385652,
                "1": 0.5255364806866953
            }
        },
        "886e1f26-ce6f-4805-9c24-a027d46a7c68": {
            "pk": {
                "0": 0.4551111111111111,
                "1": 0.4884782608695653
            },
            "wdiff": {
                "0": 0.47044444444444444,
                "1": 0.5030434782608694
            }
        },
        "8e1ecc05-f05b-4f24-9f7e-3c24bd7894da": {
            "pk": {
                "0": 0.4598863636363637,
                "1": 0.49417582417582423
            },
            "wdiff": {
                "0": 0.47363636363636363,
                "1": 0.529175824175824
            }
        },
        "9f7dc219-0438-4bb3-bc9c-12c6512393f4": {
            "pk": {
                "0": 0.4458333333333333,
                "1": 0.49290155440414507
            },
            "wdiff": {
                "0": 0.47138888888888875,
                "1": 0.5252849740932641
            }
        },
        "VxlZBpCgAA": {
            "pk": {
                "0": 0.4347967479674799,
                "1": 0.4735074626865671
            },
            "wdiff": {
                "0": 0.4523577235772361,
                "1": 0.5064179104477612
            }
        },
        "XBZ-xMIQAA": {
            "pk": {
                "0": 0.46993150684931495,
                "1": 0.49518821603927987
            },
            "wdiff": {
                "0": 0.49429794520547954,
                "1": 0.5325859247135841
            }
        },
        "XC4gGsIQAA": {
            "pk": {
                "0": 0.44150442477876095,
                "1": 0.4885542168674697
            },
            "wdiff": {
                "0": 0.4508407079646016,
                "1": 0.5306425702811245
            }
        },
        "XCCB24IQAA": {
            "pk": {
                "0": 0.47068403908794765,
                "1": 0.4980538922155688
            },
            "wdiff": {
                "0": 0.4871335504885992,
                "1": 0.5389221556886227
            }
        },
        "XCH_6nCQAA": {
            "pk": {
                "0": 0.4579509632224168,
                "1": 0.4746374367622258
            },
            "wdiff": {
                "0": 0.5073204903677757,
                "1": 0.5222091062394605
            }
        },
        "X_hE965gAA": {
            "pk": {
                "0": 0.3998285714285714,
                "1": 0.49355400696864116
            },
            "wdiff": {
                "0": 0.4177714285714285,
                "1": 0.5426655052264806
            }
        },
        "c962a21c-1f4f-402a-ac1b-972946fe2217": {
            "pk": {
                "0": 0.46343434343434337,
                "1": 0.48243589743589765
            },
            "wdiff": {
                "0": 0.49696969696969684,
                "1": 0.5150961538461539
            }
        },
        "d504cb99-3490-4600-aa7c-0aedfc4251e3": {
            "pk": {
                "0": 0.46494382022471903,
                "1": 0.495263157894737
            },
            "wdiff": {
                "0": 0.48685393258426957,
                "1": 0.5241052631578945
            }
        },
        "dacd5569-c555-4ff5-afcf-a9046acb05c0": {
            "pk": {
                "0": 0.4572807017543862,
                "1": 0.4808403361344537
            },
            "wdiff": {
                "0": 0.4723684210526318,
                "1": 0.5125210084033613
            }
        },
        "ef7adfc4-22f6-4079-9011-809232b76197": {
            "pk": {
                "0": 0.4178481012658229,
                "1": 0.4744444444444441
            },
            "wdiff": {
                "0": 0.4253164556962026,
                "1": 0.502111111111111
            }
        }
    },
    "total": {
        "pk": 0.464164425280297,
        "wdiff": 0.4912477442619419
    },
    "level": {
        "pk": [
            0.44301280890984024,
            0.4853160416507535,
            null,
            null
        ],
        "wdiff": [
            0.4622005232468952,
            0.5202949652769887,
            null,
            null
        ]
    },
    "total_count": 32,
    "level_counts": [
        16,
        16,
        0,
        0
    ],
    "avg_max_level": 0,
    "max_level": {
        "05cf9637-20e5-4b8a-83ce-8f3e393e2d5a": -Infinity,
        "385744e9-7ae2-4dc5-b3f5-22f842d35c4f": -Infinity,
        "4ceb728c-830e-4481-b8e9-eb1a9f041b8d": -Infinity,
        "886e1f26-ce6f-4805-9c24-a027d46a7c68": -Infinity,
        "8e1ecc05-f05b-4f24-9f7e-3c24bd7894da": -Infinity,
        "9f7dc219-0438-4bb3-bc9c-12c6512393f4": -Infinity,
        "VxlZBpCgAA": -Infinity,
        "XBZ-xMIQAA": -Infinity,
        "XC4gGsIQAA": -Infinity,
        "XCCB24IQAA": -Infinity,
        "XCH_6nCQAA": -Infinity,
        "X_hE965gAA": -Infinity,
        "c962a21c-1f4f-402a-ac1b-972946fe2217": -Infinity,
        "d504cb99-3490-4600-aa7c-0aedfc4251e3": -Infinity,
        "dacd5569-c555-4ff5-afcf-a9046acb05c0": -Infinity,
        "ef7adfc4-22f6-4079-9011-809232b76197": -Infinity
    }
}