{
    "detailed": {
        "05cf9637-20e5-4b8a-83ce-8f3e393e2d5a": {
            "pk": {
                "0": 0.5324675324675324,
                "1": 0.5263157894736842
            },
            "wdiff": {
                "0": 0.5324675324675324,
                "1": 0.5473684210526316
            }
        },
        "385744e9-7ae2-4dc5-b3f5-22f842d35c4f": {
            "pk": {
                "0": 0.6156583629893239,
                "1": 0.5134228187919463
            },
            "wdiff": {
                "0": 0.6156583629893239,
                "1": 0.5167785234899329
            }
        },
        "4ceb728c-830e-4481-b8e9-eb1a9f041b8d": {
            "pk": {
                "0": 0.515695067264574,
                "1": 0.5450643776824035
            },
            "wdiff": {
                "0": 0.515695067264574,
                "1": 0.5450643776824035
            }
        },
        "886e1f26-ce6f-4805-9c24-a027d46a7c68": {
            "pk": {
                "0": 0.4444444444444444,
                "1": 0.17391304347826086
            },
            "wdiff": {
                "0": 0.4444444444444444,
                "1": 0.17391304347826086
            }
        },
        "8e1ecc05-f05b-4f24-9f7e-3c24bd7894da": {
            "pk": {
                "0": 0.5284090909090909,
                "1": 0.6538461538461539
            },
            "wdiff": {
                "0": 0.5284090909090909,
                "1": 0.6538461538461539
            }
        },
        "9f7dc219-0438-4bb3-bc9c-12c6512393f4": {
            "pk": {
                "0": 0.37777777777777777,
                "1": 0.6113989637305699
            },
            "wdiff": {
                "0": 0.4,
                "1": 0.6113989637305699
            }
        },
        "VxlZBpCgAA": {
            "pk": {
                "0": 0.35772357723577236,
                "1": 0.5522388059701493
            },
            "wdiff": {
                "0": 0.35772357723577236,
                "1": 0.5522388059701493
            }
        },
        "XBZ-xMIQAA": {
            "pk": {
                "0": 0.6267123287671232,
                "1": 0.44353518821603927
            },
            "wdiff": {
                "0": 0.6267123287671232,
                "1": 0.45499181669394434
            }
        },
        "XC4gGsIQAA": {
            "pk": {
                "0": 0.5132743362831859,
                "1": 0.4939759036144578
            },
            "wdiff": {
                "0": 0.5132743362831859,
                "1": 0.5180722891566265
            }
        },
        "XCCB24IQAA": {
            "pk": {
                "0": 0.34201954397394135,
                "1": 0.5419161676646707
            },
            "wdiff": {
                "0": 0.34201954397394135,
                "1": 0.5479041916167665
            }
        },
        "XCH_6nCQAA": {
            "pk": {
                "0": 0.4133099824868651,
                "1": 0.5463743676222597
            },
            "wdiff": {
                "0": 0.5043782837127846,
                "1": 0.5632377740303541
            }
        },
        "X_hE965gAA": {
            "pk": {
                "0": 0.5523809523809524,
                "1": 0.47560975609756095
            },
            "wdiff": {
                "0": 0.5523809523809524,
                "1": 0.4912891986062718
            }
        },
        "c962a21c-1f4f-402a-ac1b-972946fe2217": {
            "pk": {
                "0": 0.3872053872053872,
                "1": 0.5641025641025641
            },
            "wdiff": {
                "0": 0.44107744107744107,
                "1": 0.5673076923076923
            }
        },
        "d504cb99-3490-4600-aa7c-0aedfc4251e3": {
            "pk": {
                "0": 0.6179775280898876,
                "1": 0.7157894736842105
            },
            "wdiff": {
                "0": 0.6179775280898876,
                "1": 0.7157894736842105
            }
        },
        "dacd5569-c555-4ff5-afcf-a9046acb05c0": {
            "pk": {
                "0": 0.5701754385964912,
                "1": 0.5378151260504201
            },
            "wdiff": {
                "0": 0.5701754385964912,
                "1": 0.5378151260504201
            }
        },
        "ef7adfc4-22f6-4079-9011-809232b76197": {
            "pk": {
                "0": 0.4810126582278481,
                "1": 0.4
            },
            "wdiff": {
                "0": 0.4810126582278481,
                "1": 0.4
            }
        }
    },
    "total": {
        "pk": 0.5053613284101734,
        "wdiff": 0.5137632011817743
    },
    "level": {
        "pk": [
            0.4922652505687624,
            0.5184574062515844,
            null,
            null
        ],
        "wdiff": [
            0.5027129116512746,
            0.5248134907122743,
            null,
            null
        ]
    },
    "total_count": 32,
    "level_counts": [
        16,
        16,
        0,
        0
    ],
    "avg_max_level": 0,
    "max_level": {
        "05cf9637-20e5-4b8a-83ce-8f3e393e2d5a": -Infinity,
        "385744e9-7ae2-4dc5-b3f5-22f842d35c4f": -Infinity,
        "4ceb728c-830e-4481-b8e9-eb1a9f041b8d": -Infinity,
        "886e1f26-ce6f-4805-9c24-a027d46a7c68": -Infinity,
        "8e1ecc05-f05b-4f24-9f7e-3c24bd7894da": -Infinity,
        "9f7dc219-0438-4bb3-bc9c-12c6512393f4": -Infinity,
        "VxlZBpCgAA": -Infinity,
        "XBZ-xMIQAA": -Infinity,
        "XC4gGsIQAA": -Infinity,
        "XCCB24IQAA": -Infinity,
        "XCH_6nCQAA": -Infinity,
        "X_hE965gAA": -Infinity,
        "c962a21c-1f4f-402a-ac1b-972946fe2217": -Infinity,
        "d504cb99-3490-4600-aa7c-0aedfc4251e3": -Infinity,
        "dacd5569-c555-4ff5-afcf-a9046acb05c0": -Infinity,
        "ef7adfc4-22f6-4079-9011-809232b76197": -Infinity
    }
}