{
    "detailed": {
        "49ad30d4-971a-4811-b790-f1df50168db1": {
            "pk": {
                "0": 0.4242105263157895,
                "1": 0.5094117647058823
            },
            "wdiff": {
                "0": 0.4332894736842107,
                "1": 0.544
            }
        },
        "6fa1bdf4-edc9-4745-a4d4-0dc548a4a1d7": {
            "pk": {
                "0": 0.47496503496503495,
                "1": 0.5006000000000002
            },
            "wdiff": {
                "0": 0.49972027972027966,
                "1": 0.5457333333333333
            }
        },
        "70fd9e08-e480-4870-b516-59be84bfa9e4": {
            "pk": {
                "0": 0.46192307692307694,
                "1": 0.49506024096385537
            },
            "wdiff": {
                "0": 0.4782051282051282,
                "1": 0.5286746987951806
            }
        },
        "7c980186-6905-49c4-9b01-c88975324f24": {
            "pk": {
                "0": 0.4487209302325581,
                "1": 0.4858695652173913
            },
            "wdiff": {
                "0": 0.4615116279069768,
                "1": 0.5089130434782609
            }
        },
        "7d92ff8b-e6b6-49b0-b615-9d487d855176": {
            "pk": {
                "0": 0.4938866396761134,
                "1": 0.4869702602230485
            },
            "wdiff": {
                "0": 0.5178340080971661,
                "1": 0.5395353159851298
            }
        }
    },
    "total": {
        "pk": 0.47816180392227514,
        "wdiff": 0.5057416909205666
    },
    "level": {
        "pk": [
            0.4607412416225146,
            0.49558236622203555,
            null,
            null
        ],
        "wdiff": [
            0.4781121035227523,
            0.5333712783183808,
            null,
            null
        ]
    },
    "total_count": 10,
    "level_counts": [
        5,
        5,
        0,
        0
    ],
    "avg_max_level": 0,
    "max_level": {
        "49ad30d4-971a-4811-b790-f1df50168db1": -Infinity,
        "6fa1bdf4-edc9-4745-a4d4-0dc548a4a1d7": -Infinity,
        "70fd9e08-e480-4870-b516-59be84bfa9e4": -Infinity,
        "7c980186-6905-49c4-9b01-c88975324f24": -Infinity,
        "7d92ff8b-e6b6-49b0-b615-9d487d855176": -Infinity
    }
}