{
    "detailed": {
        "49ad30d4-971a-4811-b790-f1df50168db1": {
            "pk": {
                "0": 0.6973684210526315,
                "1": 0.29411764705882354
            },
            "wdiff": {
                "0": 0.6973684210526315,
                "1": 0.3058823529411765
            }
        },
        "6fa1bdf4-edc9-4745-a4d4-0dc548a4a1d7": {
            "pk": {
                "0": 0.3986013986013986,
                "1": 0.46
            },
            "wdiff": {
                "0": 0.3986013986013986,
                "1": 0.4666666666666667
            }
        },
        "70fd9e08-e480-4870-b516-59be84bfa9e4": {
            "pk": {
                "0": 0.2564102564102564,
                "1": 0.5060240963855421
            },
            "wdiff": {
                "0": 0.2564102564102564,
                "1": 0.5060240963855421
            }
        },
        "7c980186-6905-49c4-9b01-c88975324f24": {
            "pk": {
                "0": 0.3488372093023256,
                "1": 0.34782608695652173
            },
            "wdiff": {
                "0": 0.3488372093023256,
                "1": 0.34782608695652173
            }
        },
        "7d92ff8b-e6b6-49b0-b615-9d487d855176": {
            "pk": {
                "0": 0.41295546558704455,
                "1": 0.5278810408921933
            },
            "wdiff": {
                "0": 0.41295546558704455,
                "1": 0.5576208178438662
            }
        }
    },
    "total": {
        "pk": 0.4250021622246738,
        "wdiff": 0.42981927717474305
    },
    "level": {
        "pk": [
            0.4228345501907313,
            0.42716977425861613,
            null,
            null
        ],
        "wdiff": [
            0.4228345501907313,
            0.43680400415875464,
            null,
            null
        ]
    },
    "total_count": 10,
    "level_counts": [
        5,
        5,
        0,
        0
    ],
    "avg_max_level": 0,
    "max_level": {
        "49ad30d4-971a-4811-b790-f1df50168db1": -Infinity,
        "6fa1bdf4-edc9-4745-a4d4-0dc548a4a1d7": -Infinity,
        "70fd9e08-e480-4870-b516-59be84bfa9e4": -Infinity,
        "7c980186-6905-49c4-9b01-c88975324f24": -Infinity,
        "7d92ff8b-e6b6-49b0-b615-9d487d855176": -Infinity
    }
}