{
    "detailed": {
        "Bdb001": {
            "pk": {
                "0": 0.4268886679920475,
                "1": 0.47244604316546757,
                "2": 0.47516100178890874
            },
            "wdiff": {
                "0": 0.4441053677932404,
                "1": 0.5251258992805752,
                "2": 0.5247406082289804
            }
        },
        "Bed002": {
            "pk": {
                "0": 0.400580808080808,
                "1": 0.46784271284271284,
                "2": 0.48045161290322563
            },
            "wdiff": {
                "0": 0.4043771043771042,
                "1": 0.518304473304473,
                "2": 0.5280573476702508
            }
        },
        "Bed003": {
            "pk": {
                "0": 0.3792926490984745,
                "1": 0.4806950532247965,
                "2": 0.48888888888888893
            },
            "wdiff": {
                "0": 0.3885644937586685,
                "1": 0.526837820914214,
                "2": 0.5321172839506171
            }
        },
        "Bed004": {
            "pk": {
                "0": 0.45982198952879566,
                "1": 0.47502988047808753
            },
            "wdiff": {
                "0": 0.5016544502617801,
                "1": 0.5221015936254978
            }
        },
        "Bed005": {
            "pk": {
                "0": 0.42832824427480926,
                "1": 0.47714896650035643,
                "2": 0.48334989354151886
            },
            "wdiff": {
                "0": 0.450526717557252,
                "1": 0.5250605844618675,
                "2": 0.532455642299503
            }
        }
    },
    "total": {
        "pk": 0.4568518865934927,
        "wdiff": 0.49457352767743024
    },
    "level": {
        "pk": [
            0.418982471794987,
            0.4746325312422842,
            0.48196284928063554,
            null
        ],
        "wdiff": [
            0.43784562674960903,
            0.5234860743173255,
            0.5293427205373379,
            null
        ]
    },
    "total_count": 14,
    "level_counts": [
        5,
        5,
        4,
        0
    ],
    "avg_max_level": 0,
    "max_level": {
        "Bdb001": -Infinity,
        "Bed002": -Infinity,
        "Bed003": -Infinity,
        "Bed004": -Infinity,
        "Bed005": -Infinity
    }
}