{
    "detailed": {
        "Bdb001": {
            "pk": {
                "0": 0.49502982107355864,
                "1": 0.41636690647482016,
                "2": 0.4677996422182469
            },
            "wdiff": {
                "0": 0.49502982107355864,
                "1": 0.49550359712230213,
                "2": 0.5116279069767442
            }
        },
        "Bed002": {
            "pk": {
                "0": 0.3383838383838384,
                "1": 0.46176046176046176,
                "2": 0.4853046594982079
            },
            "wdiff": {
                "0": 0.3383838383838384,
                "1": 0.5324675324675324,
                "2": 0.5297491039426523
            }
        },
        "Bed003": {
            "pk": {
                "0": 0.3300970873786408,
                "1": 0.504070131496556,
                "2": 0.4469135802469136
            },
            "wdiff": {
                "0": 0.3300970873786408,
                "1": 0.5660613650594866,
                "2": 0.46358024691358024
            }
        },
        "Bed004": {
            "pk": {
                "0": 0.5267015706806283,
                "1": 0.4770916334661355
            },
            "wdiff": {
                "0": 0.5287958115183246,
                "1": 0.5089641434262948
            }
        },
        "Bed005": {
            "pk": {
                "0": 0.466412213740458,
                "1": 0.48253741981468284,
                "2": 0.5088715400993612
            },
            "wdiff": {
                "0": 0.466412213740458,
                "1": 0.5310049893086244,
                "2": 0.5237757274662882
            }
        }
    },
    "total": {
        "pk": 0.4576671790237507,
        "wdiff": 0.4872466703413089
    },
    "level": {
        "pk": [
            0.4313249062514248,
            0.4683653106025313,
            0.4772223555156824,
            null
        ],
        "wdiff": [
            0.43174375441896407,
            0.5268003254768481,
            0.5071832463248163,
            null
        ]
    },
    "total_count": 14,
    "level_counts": [
        5,
        5,
        4,
        0
    ],
    "avg_max_level": 0,
    "max_level": {
        "Bdb001": -Infinity,
        "Bed002": -Infinity,
        "Bed003": -Infinity,
        "Bed004": -Infinity,
        "Bed005": -Infinity
    }
}